host,IP
h1,10.0.0.1/8
h2,10.68.87.251/8
h3,10.70.228.174/8
h4,10.162.135.26/8
h5,10.202.29.119/8
h6,10.180.164.50/8
h7,10.70.1.153/8
h8,10.207.11.100/8
h9,10.87.253.22/8
h10,10.51.179.129/8
h11,10.36.24.56/8
h12,10.228.8.205/8
h13,10.123.9.184/8
h14,10.237.56.139/8
h15,10.49.242.88/8
h16,10.226.52.29/8
h17,10.207.114.101/8
h18,10.183.159.248/8
h19,10.89.48.110/8
h20,10.36.93.95/8
h21,10.186.121.40/8
h22,10.121.54.164/8
h23,10.161.183.96/8
h24,10.192.111.165/8
h25,10.97.168.210/8
h26,10.185.128.114/8
h27,10.25.227.196/8
h28,10.84.115.103/8
h29,10.20.186.254/8
h30,10.143.123.136/8
h31,10.252.102.42/8
h32,10.230.222.20/8
h33,10.180.1.217/8
h34,10.199.13.236/8
h35,10.177.159.231/8
h36,10.38.86.236/8
h37,10.88.120.52/8
h38,10.77.139.43/8
h39,10.248.146.8/8
h40,10.195.148.142/8
